amino1,amino2,f4,f3,f2,f1,f0
GLU,PRO,7.390767238309466e-05,-0.004757780358506482,0.11369092376030841,-1.1945632724215787,4.654568701758786
THR,ASN,8.442004025061521e-05,-0.005302063740482643,0.1233242819241076,-1.258033147432958,4.745457077747161
ILE,GLY,6.179687980160293e-05,-0.003906233000770704,0.09120667610766708,-0.9307366472798857,3.4960983620017814
MET,LYS,5.165521816978828e-05,-0.0035334703122982714,0.09042002334060376,-1.0253044011818442,4.34359238336929
ALA,LEU,8.694827694340909e-05,-0.00532757178265337,0.12059071829225534,-1.1937515026426664,4.355877425006887
CYS,ASP,2.7204554087998844e-05,-0.002291003693879431,0.06733101249780767,-0.8340876830859988,3.7112127332465876
ILE,VAL,5.791593117912655e-05,-0.0037858901845971237,0.09196286565226579,-0.9833238615913644,3.9033589716356114
HIS,TYR,-0.00010430723571153363,0.004882855296881127,-0.06928945094405199,0.18828237451006918,1.5471194036076188
GLY,TYR,2.9961884092427427e-05,-0.0022290802034016927,0.06115690177567579,-0.7339208836853555,3.2519791262573836
PRO,LYS,0.00010440103520814103,-0.006482077127882595,0.14891214996108942,-1.4989694106151346,5.5751240484800295
GLN,ASN,3.153153955403342e-05,-0.0024966328028982773,0.07154207444516227,-0.8845349495718798,3.9957759003292894
LYS,GLU,6.013413549790511e-05,-0.003978096511468437,0.09869824808799667,-1.0889425306692646,4.508600138641372
TYR,TRP,-0.0002796537665042517,0.014595322622446151,-0.2596477045887489,1.6995499987137122,-2.2055564819255067
LEU,SER,8.797902968446287e-05,-0.005387285553866554,0.12194654847829019,-1.2083978769304162,4.419916331100746
TRP,GLU,-0.00010201904526951588,0.0050599630846832454,-0.08029540128712584,0.36164899197659717,0.7125965369014032
ASP,TYR,-3.1041928361164794e-05,0.0011701268189578996,-0.006155291956680989,-0.18797939192188873,1.817345640458073
HIS,GLU,3.085808057815835e-06,-0.0008641741228955964,0.038134855104322275,-0.6029254969875822,3.2167244388574683
LYS,MET,5.165521816978828e-05,-0.0035334703122982714,0.09042002334060376,-1.0253044011818442,4.34359238336929
GLN,CYS,8.153455775484706e-05,-0.005286152560423028,0.12720674023142037,-1.34577166333148,5.278455841114639
GLN,GLY,5.8916759662701244e-05,-0.0037502636718950207,0.08851672376169295,-0.9175613183903119,3.522675922574518
LYS,CYS,8.262095733831467e-05,-0.005290057897807689,0.12566792110997063,-1.3119668356603698,5.076749630957678
ALA,MET,4.8293760396146277e-05,-0.0032998790458797045,0.0838323943809434,-0.9378503023188609,3.8956930081823185
GLN,LYS,5.90425977712992e-05,-0.0039598148259126185,0.09937922821099258,-1.106144822026674,4.606333820634791
ALA,PHE,2.355313584445378e-05,-0.0019303279790581507,0.05668761971175834,-0.713910639932652,3.2719281747318
GLY,LEU,6.256936919261558e-05,-0.003926899226757901,0.09111107509708903,-0.9249476578430624,3.4616344473925977
CYS,VAL,7.273858065239492e-05,-0.004792411437958959,0.1166870821857566,-1.2425889897776594,4.875590186001811
MET,ILE,2.7901843945022874e-05,-0.0022472160816998593,0.06637941905044749,-0.8537390771755183,4.037236038564078
GLU,HIS,3.085808057815835e-06,-0.0008641741228955964,0.038134855104322275,-0.6029254969875822,3.2167244388574683
TRP,SER,-5.4509148177462944e-05,0.002334130908919373,-0.025593214914488138,-0.07190318237824588,1.7048836454720362
ASN,MET,8.449510832975338e-06,-0.0012093869297709467,0.046462116146701454,-0.6921146892124528,3.5741703686468194
TRP,GLY,3.7203042479395994e-05,-0.002734110499176007,0.07430803725066996,-0.885422352382489,3.9032270683350885
ALA,VAL,0.00010472167859529911,-0.006299105251372512,0.13932836578563254,-1.339550422527411,4.70816399942202
ASP,GLN,3.1068835900151995e-05,-0.002335545245325033,0.0646058309157161,-0.7801760566404565,3.472059655236813
ASN,ILE,6.361578746216265e-05,-0.004131025610836573,0.0996925297834126,-1.059199787284828,4.178842599462876
ASN,GLY,9.299505607165983e-05,-0.005632451816101374,0.1256340298732632,-1.220598520563807,4.347849756029144
ILE,PHE,-6.330157664956227e-05,0.0027936931080586773,-0.03333269818446047,-0.03340698745000623,1.7619922938105053
GLU,ILE,6.363521891373394e-05,-0.004060318481427142,0.09645036398929456,-1.0111605602402678,3.9488257536722062
TRP,PHE,-0.0003298303513271052,0.017519144299629464,-0.31961628202982484,2.1942662892521696,-3.4676006751705515
MET,SER,9.047658172473906e-05,-0.0056374004230266336,0.1304452812083485,-1.3288529592277039,5.031117338578046
HIS,VAL,1.9275493718961365e-05,-0.0017629284982541638,0.05541892077983048,-0.730865808300413,3.461841649414586
PRO,HIS,5.455999406424733e-05,-0.0038456630209316237,0.09998267009603178,-1.1359992004291466,4.7575148440386865
PRO,VAL,7.246970206153328e-05,-0.0047264904959561285,0.11369740385462163,-1.1932619673797715,4.6002881417179875
PHE,PHE,-0.00016557732926786802,0.008365320834055744,-0.1388465102233898,0.7420588815892749,0.23683461384470084
GLN,ALA,9.913876169923202e-05,-0.0060348850046965975,0.13569925235458288,-1.3345371778250903,4.839087185705209
GLN,GLN,-1.4991972184479895e-05,0.0001204835227299687,0.01863996010370065,-0.436657228585226,2.698373229946073
PHE,GLU,-2.9364387436902085e-05,0.0009878060126632374,0.0002589137023850061,-0.2803356210429992,2.2888483996838143
ILE,HIS,-3.0669341958200743e-06,-0.00047860217956757176,0.028890129210968334,-0.5016544673129669,2.787278644520893
SER,ASN,8.212204179608741e-05,-0.005140639816085415,0.11897189754454306,-1.2049331475389682,4.499950729755552
SER,CYS,0.00010782374991093389,-0.006613992166849724,0.14960601096976528,-1.4762098958895329,5.35016229608864
ILE,ARG,-9.278964780004087e-07,-0.0004926210283340015,0.026659114644080596,-0.4566845680009528,2.555821867992397
TRP,TYR,-0.0002796537665042517,0.014595322622446151,-0.2596477045887489,1.6995499987137122,-2.2055564819255067
LYS,THR,7.48588764457421e-05,-0.0047194092082242034,0.11043622592252592,-1.136677603350659,4.342275587159028
LYS,LYS,9.973103902159138e-05,-0.006124035038724773,0.13947003100263136,-1.3970818495726613,5.200292251642378
HIS,ASP,-7.747805642383859e-06,-0.00021545702889378535,0.023498230205463908,-0.45395615669013956,2.6330649033141285
CYS,GLN,8.153455775484706e-05,-0.005286152560423028,0.12720674023142037,-1.34577166333148,5.278455841114639
MET,VAL,1.4935391143457648e-05,-0.0015594303643695127,0.05254565305265679,-0.7235818618485869,3.5308611803084373
GLN,HIS,-1.7040122372434268e-05,0.00017618962863944694,0.01952238684237632,-0.4739456554636966,2.973875826404486
LEU,ASP,6.512488751803306e-05,-0.004130835574566695,0.09729881504801513,-1.0084149548638819,3.8797524786871755
VAL,TRP,-8.331306725009934e-05,0.003965859531091369,-0.057517848688210645,0.16743436402529957,1.2461633192062638
PHE,SER,3.7722706050274794e-05,-0.002673631225776189,0.07070827131405559,-0.8262190703151991,3.5952094585924654
GLN,VAL,3.490772746170171e-05,-0.0025273353238345515,0.06757088626913449,-0.7907424879956082,3.417214315394404
VAL,GLY,6.640575939951632e-05,-0.004130086511185032,0.09476325354903065,-0.9488044731170944,3.4898987961229726
SER,GLU,8.47978340346274e-05,-0.005209229945375752,0.11830071787495879,-1.1760479612236152,4.3148090873639875
PHE,HIS,-0.00011333236913214817,0.0054772016157380345,-0.08396927861247316,0.35006672975426734,0.8726434814452062
LEU,LYS,4.455212752660762e-05,-0.003042355651254492,0.07742991408404239,-0.8699772978854896,3.638840097949051
TYR,GLN,-8.896659932670795e-05,0.004143865368274519,-0.0581868428200663,0.1482826319729028,1.3678282382437312
THR,VAL,8.843179721699158e-05,-0.005448048699987006,0.12393299265401397,-1.2319719830211608,4.508493686833501
ALA,ALA,0.0001141259705935493,-0.006749901819449898,0.14631834315921993,-1.3726118493971475,4.678531447679125
ARG,PRO,3.426421866846889e-05,-0.0024634588968211286,0.06748920714804446,-0.8312052169982451,3.8617262119686644
ILE,CYS,2.9059570346999664e-05,-0.0024040977094005106,0.07023278241153155,-0.8712051760720214,3.9026649748751248
THR,SER,7.77286566159122e-05,-0.004798695823505858,0.10931284779065556,-1.087009511693964,3.973298256018881
TRP,ARG,-0.0003527017972933647,0.019275392344346345,-0.36595969701578934,2.6960839141819446,-5.337735194532296
VAL,LEU,6.731471714962241e-05,-0.0043097565818069035,0.10268429820640823,-1.079124416541426,4.221080946011427
HIS,LYS,3.878246185069575e-05,-0.002914677944995294,0.08045905223556503,-0.9684907875524019,4.294029786979819
ALA,HIS,6.792332802297111e-05,-0.004352035392565979,0.10359539141720839,-1.0854770994264875,4.2234523423670565
THR,GLU,9.162271794893915e-05,-0.005618421392175993,0.12734786961094086,-1.2633677580129117,4.624910562880872
GLU,TRP,-0.00010201904526951588,0.0050599630846832454,-0.08029540128712584,0.36164899197659717,0.7125965369014032
GLY,GLN,5.8916759662701244e-05,-0.0037502636718950207,0.08851672376169295,-0.9175613183903119,3.522675922574518
HIS,TRP,-0.0002294547770951543,0.011783182153669218,-0.20422165610988238,1.2631188453350635,-1.1785660174027235
ARG,VAL,1.3005941537297871e-05,-0.0012165271404040875,0.039650850942872976,-0.5462665480521395,2.7161136897721265
ASN,ARG,-6.559156376892338e-06,-0.00026045604733630165,0.024761830453365778,-0.4818751447578031,2.8609182872002212
ASP,ASN,7.8591686796318e-05,-0.0049828165357390375,0.11722037452739756,-1.2121477257701836,4.647358927872211
TYR,CYS,-4.815712425750761e-05,0.0016584594846718707,-0.003939336441068969,-0.3458265369978513,2.8988980841217478
CYS,GLU,8.423759618036534e-05,-0.005341066741018702,0.125628522747607,-1.2984937406046357,4.973973081711409
CYS,GLY,7.470169501799391e-05,-0.004670159403808493,0.10762204579224645,-1.080974723760368,3.9820885387117344
ARG,GLY,6.6954271807963094e-06,-0.0008356724791034207,0.031002313204636762,-0.45817989776249557,2.374514300744889
GLN,TRP,-9.011433530672395e-05,0.004279612798441818,-0.06151523077598371,0.16567465776277515,1.4575401539986248
GLU,GLY,6.386495986512325e-05,-0.0039877899909596705,0.09212943308550098,-0.9324095261523915,3.484572488629395
TYR,LYS,-6.751230023483134e-05,0.0029922790397590333,-0.03596396395166529,-0.032723151430784234,1.8862670605340524
ASN,ASN,8.42570645585367e-05,-0.005383823842319102,0.12790253363578238,-1.338813430825104,5.2099969055984925
ASP,CYS,2.7204554087998844e-05,-0.002291003693879431,0.06733101249780767,-0.8340876830859988,3.7112127332465876
CYS,PHE,7.356529364177862e-06,-0.0014319107010298626,0.058023652473983736,-0.8689423269186418,4.429037998198946
THR,ARG,1.8775902204558846e-05,-0.0015996633186267073,0.04922368820964682,-0.6531128895804834,3.16615583823647
VAL,GLU,7.942252216983417e-05,-0.004923098280107278,0.11306759636719625,-1.1399190582023235,4.255938815253532
PRO,ALA,9.541796680362416e-05,-0.005835308092703558,0.13141417857582252,-1.2885119763613389,4.62744407804596
ASN,GLU,5.741836542395766e-05,-0.0038038155224667226,0.09370339135336045,-1.0168044827248055,4.099136656820196
LEU,THR,7.495025703145656e-05,-0.004706469196879425,0.10966920722161007,-1.1236692933622745,4.271265698972547
ALA,GLN,9.913876169923202e-05,-0.0060348850046965975,0.13569925235458288,-1.3345371778250903,4.839087185705209
PRO,PHE,1.1271106473864492e-05,-0.0014610512835801434,0.0530604841643505,-0.7534768819794909,3.716053999802408
CYS,LEU,3.723832352830985e-05,-0.002823866171557306,0.07785398401892718,-0.9280863552234567,4.044992930742082
VAL,SER,7.454739384731415e-05,-0.004632787646993453,0.10638027229066399,-1.0682650753357439,3.952666077229265
ARG,ASP,-6.555902828001467e-05,0.0029863360365459646,-0.03938239957592367,0.04918355479376226,1.3496728911500453
GLN,SER,5.092490230779564e-05,-0.0034107500788330444,0.0849489114556888,-0.9319850337261426,3.798363319633063
ASP,SER,9.922677020394873e-05,-0.006018727296020121,0.13448321768451316,-1.3092672064178235,4.675184444062286
PHE,PRO,1.1271106473864492e-05,-0.0014610512835801434,0.0530604841643505,-0.7534768819794909,3.716053999802408
MET,THR,3.685669455321722e-05,-0.00270906214362828,0.07365517657376226,-0.8779197599454188,3.8699475857794443
PHE,ASP,-2.1278218489801015e-05,0.0005941293954271739,0.00600137735259016,-0.29440120188324703,2.128633862721939
TRP,MET,-0.0002802141550694066,0.014696276016952716,-0.2623437346755969,1.7156733109993587,-2.1575416791585633
LEU,ASN,8.17331408476892e-05,-0.005115989374341438,0.11890175886303855,-1.2161422726707216,4.620076756633722
ARG,TYR,-0.0003364719870753965,0.017797932410681862,-0.3262941324455496,2.311877480168359,-4.33976675997585
CYS,SER,0.00010782374991093389,-0.006613992166849724,0.14960601096976528,-1.4762098958895329,5.35016229608864
SER,ALA,0.0001088054737701061,-0.0064597057797922295,0.1406954874793484,-1.3279841636440246,4.563639022782604
GLN,TYR,-8.896659932670795e-05,0.004143865368274519,-0.0581868428200663,0.1482826319729028,1.3678282382437312
TYR,GLU,-6.215516272021178e-05,0.002792901052899152,-0.03547740595855952,0.017155499014073497,1.431455951092629
ALA,PRO,9.541796680362416e-05,-0.005835308092703558,0.13141417857582252,-1.2885119763613389,4.62744407804596
LYS,ARG,-1.1614713809666087e-05,0.00014408836804615736,0.013635047152712671,-0.3552877087478597,2.3566607003978546
CYS,ALA,7.022752170091493e-05,-0.004525388100072416,0.10745455982604347,-1.1117178924092819,4.217352311037405
TRP,LYS,-8.12364413019771e-05,0.003569532800995101,-0.04104199679198783,-0.08771430929411486,2.594909955495418
GLN,ILE,5.392198034696834e-05,-0.0035999796273850416,0.0898932452774011,-0.9948405424893899,4.11533168577211
GLY,MET,6.910481127084469e-05,-0.004385532808119666,0.10306710879708357,-1.0621063887947273,4.045594116679422
ILE,SER,8.856433758393685e-05,-0.005438554098612074,0.12337016438091758,-1.2237604507039312,4.473283566709145
ILE,MET,2.7901843945022874e-05,-0.0022472160816998593,0.06637941905044749,-0.8537390771755183,4.037236038564078
THR,CYS,4.519437749107819e-05,-0.003198882512511989,0.08282320523829366,-0.9296484612949846,3.815092329214797
LYS,VAL,5.225728203670958e-05,-0.003471404335389928,0.08565954951595785,-0.9300073902092543,3.746557786871051
HIS,LEU,-4.951730233894916e-05,0.0020492100968025908,-0.02025423217398639,-0.10496498819122564,1.7090770880378203
TYR,VAL,-2.4474723658788915e-05,0.0007625340677561607,0.0034952772768445397,-0.2920212268970997,2.249981911501091
GLU,VAL,7.942252216983417e-05,-0.004923098280107278,0.11306759636719625,-1.1399190582023235,4.255938815253532
GLU,THR,9.162271794893915e-05,-0.005618421392175993,0.12734786961094086,-1.2633677580129117,4.624910562880872
ASN,THR,8.442004025061521e-05,-0.005302063740482643,0.1233242819241076,-1.258033147432958,4.745457077747161
LYS,LEU,4.455212752660762e-05,-0.003042355651254492,0.07742991408404239,-0.8699772978854896,3.638840097949051
ASP,LYS,6.0730465085245296e-05,-0.004026823858707491,0.09976336093365212,-1.0945985413017154,4.487897814714002
GLY,SER,7.573262637260446e-05,-0.004585365082931412,0.10209610309707375,-0.9880641010918148,3.495115591307428
ARG,CYS,-3.542867115129709e-05,0.0013242757299781797,-0.006510704284908111,-0.22253067830538747,2.117428032027779
ILE,LEU,4.9971326423215484e-05,-0.0033912596385126483,0.08574202508059219,-0.9566535775059027,3.9716867891187198
PHE,THR,-7.359429940324419e-06,-0.00019706533931973782,0.0222411198954832,-0.43522454471370636,2.553938434053958
ILE,GLU,6.363521891373394e-05,-0.004060318481427142,0.09645036398929456,-1.0111605602402678,3.9488257536722062
SER,GLN,5.092490230779564e-05,-0.0034107500788330444,0.0849489114556888,-0.9319850337261426,3.798363319633063
ARG,HIS,-0.0001006435828501585,0.005040620163925186,-0.08113193843310466,0.37890992722767314,0.6402136813897393
SER,LYS,9.39482017771185e-05,-0.005740868775021999,0.1298064299345567,-1.28681717413932,4.7196450047521274
ASN,TYR,-1.7294569583629564e-05,0.0002345988391150606,0.01795748344419944,-0.46687425879348754,3.036732035769468
ARG,LEU,-5.3645539556523143e-05,0.0023992907867767177,-0.029980236680938393,0.002784806863570914,1.309996977000699
ASP,ASP,0.0001107751114822713,-0.006652812370598368,0.14710021909838492,-1.416474988802945,5.001010039615627
TYR,ARG,-0.0003364719870753965,0.017797932410681862,-0.3262941324455496,2.311877480168359,-4.33976675997585
TRP,VAL,-8.331306725009934e-05,0.003965859531091369,-0.057517848688210645,0.16743436402529957,1.2461633192062638
GLU,SER,8.47978340346274e-05,-0.005209229945375752,0.11830071787495879,-1.1760479612236152,4.3148090873639875
ILE,THR,7.935937229866226e-05,-0.004953712147545176,0.11452511103337183,-1.1614740860181187,4.357508489112661
ILE,ASP,8.174573090797698e-05,-0.005052419816307853,0.1156159240548096,-1.1603542366624908,4.30821089138309
ARG,PHE,-0.0001871202908418409,0.009666820857541444,-0.1689445652866468,1.0626979648399848,-1.1076630153260096
ASN,GLN,3.153153955403342e-05,-0.0024966328028982773,0.07154207444516227,-0.8845349495718798,3.9957759003292894
THR,TRP,-8.795634385618895e-06,-9.176499693410699e-05,0.02029784461649503,-0.4324233985333654,2.6672824735290024
GLN,LEU,3.5873378029396035e-05,-0.002575976564198207,0.06891611776498426,-0.8132782295744608,3.5677073535870996
HIS,ARG,-0.0001006435828501585,0.005040620163925186,-0.08113193843310466,0.37890992722767314,0.6402136813897393
TYR,GLY,2.9961884092427427e-05,-0.0022290802034016927,0.06115690177567579,-0.7339208836853555,3.2519791262573836
LYS,GLN,5.90425977712992e-05,-0.0039598148259126185,0.09937922821099258,-1.106144822026674,4.606333820634791
GLU,ASN,5.741836542395766e-05,-0.0038038155224667226,0.09370339135336045,-1.0168044827248055,4.099136656820196
ASP,ALA,0.00012463160093834153,-0.007386174282941532,0.16056328951356733,-1.5122627416830032,5.184313489523247
THR,TYR,-9.119795772722106e-06,-0.00012605631837548032,0.021635820764735355,-0.44134760364546954,2.631272912995276
ILE,ASN,6.361578746216265e-05,-0.004131025610836573,0.0996925297834126,-1.059199787284828,4.178842599462876
PHE,GLY,4.774905208508751e-05,-0.003244261642812695,0.08161902547306255,-0.9004207258717916,3.6727687953268706
ARG,ILE,-9.278964780004087e-07,-0.0004926210283340015,0.026659114644080596,-0.4566845680009528,2.555821867992397
TRP,CYS,-3.9207833398798024e-05,0.0014864792686224066,-0.0071747365740525305,-0.2656431069166323,2.556114560276979
TRP,ASN,-0.00010371562831511946,0.005028110477284912,-0.0767779255139772,0.30430960547718255,0.9720150494027734
LYS,ILE,6.422625215712755e-05,-0.004144092168133631,0.09952263181382015,-1.054306962813644,4.157427113382759
SER,TRP,-5.4509148177462944e-05,0.002334130908919373,-0.025593214914488138,-0.07190318237824588,1.7048836454720362
THR,PHE,-7.359429940324419e-06,-0.00019706533931973782,0.0222411198954832,-0.43522454471370636,2.553938434053958
LEU,GLN,3.5873378029396035e-05,-0.002575976564198207,0.06891611776498426,-0.8132782295744608,3.5677073535870996
PRO,LEU,7.629556589643239e-05,-0.004905564978262387,0.1168176351263267,-1.2197634970833826,4.707006635936003
GLU,ARG,-6.87426137206501e-05,0.0031716234462376537,-0.043009077706603525,0.07455499864248755,1.3213403100920509
LYS,PRO,0.00010440103520814103,-0.006482077127882595,0.14891214996108942,-1.4989694106151346,5.5751240484800295
PHE,VAL,-2.7355374376975182e-05,0.0008581156346843395,0.0031313428843794413,-0.30508832015712745,2.3496647145834153
ASP,ARG,-6.555902828001467e-05,0.0029863360365459646,-0.03938239957592367,0.04918355479376226,1.3496728911500453
ILE,TYR,-7.724664567764927e-05,0.003656303511955382,-0.052835406445736234,0.15651101141490453,1.0950885577200673
VAL,HIS,1.9275493718961365e-05,-0.0017629284982541638,0.05541892077983048,-0.730865808300413,3.461841649414586
GLN,MET,7.92217689312148e-08,-0.00072225589418143,0.03587243549982697,-0.5892551465188897,3.1926917903364505
ARG,GLN,-7.153775262790618e-05,0.003460080375491818,-0.0510329433170064,0.15161508760479903,1.1391840142174154
SER,GLY,7.573262637260446e-05,-0.004585365082931412,0.10209610309707375,-0.9880641010918148,3.495115591307428
TRP,ILE,-9.852833970870863e-05,0.004833633703129203,-0.0746423140476018,0.2971613608515121,0.9948685959084149
PHE,MET,-0.00014874332591497142,0.007525665736074771,-0.12566684504527362,0.6895621175296234,0.04178018558429364
PRO,CYS,7.492361552469427e-05,-0.005000158613524355,0.12275924734267578,-1.3115271573067653,5.133404996164468
MET,ASN,8.449510832975338e-06,-0.0012093869297709467,0.046462116146701454,-0.6921146892124528,3.5741703686468194
ILE,ILE,5.1583257496817004e-05,-0.0034540178454897084,0.08639871888718327,-0.9564951179219245,3.9519614374930616
TYR,ALA,1.5160791725576703e-05,-0.0014654336797448584,0.04764323413599173,-0.6438258578458931,3.1107187533633405
ALA,ASN,0.00010999096674453436,-0.006633866515859142,0.14727587198777764,-1.4232286488492825,5.038426240272473
MET,LEU,-1.1754904104139847e-05,-6.819861832070738e-05,0.0233695581277481,-0.49757056266621785,3.0209115791602152
CYS,TRP,-3.9207833398798024e-05,0.0014864792686224066,-0.0071747365740525305,-0.2656431069166323,2.556114560276979
MET,GLY,6.910481127084469e-05,-0.004385532808119666,0.10306710879708357,-1.0621063887947273,4.045594116679422
ASP,VAL,0.00010576281397350217,-0.006379474505697487,0.14183060947115478,-1.375291152893731,4.899628225736195
ASN,ALA,0.00010999096674453436,-0.006633866515859142,0.14727587198777764,-1.4232286488492825,5.038426240272473
VAL,ASN,8.563650106800107e-05,-0.005338524490446668,0.12326220410140372,-1.248504108163266,4.678254724794626
SER,VAL,7.454739384731415e-05,-0.004632787646993453,0.10638027229066399,-1.0682650753357439,3.952666077229265
PHE,LEU,-7.460039195353984e-05,0.0034054679230140473,-0.04505489247046185,0.05784683864370433,1.5367974452803852
GLU,CYS,8.423759618036534e-05,-0.005341066741018702,0.125628522747607,-1.2984937406046357,4.973973081711409
HIS,HIS,-4.7400747190170244e-05,0.0017476810448776386,-0.008676889337022054,-0.2780965455674196,2.6115325111449534
TYR,ASN,-1.7294569583629564e-05,0.0002345988391150606,0.01795748344419944,-0.46687425879348754,3.036732035769468
LYS,ASN,0.0001092749025458055,-0.00677663675978746,0.15595723653787363,-1.5791392280480558,5.940045182012355
MET,ASP,2.7814321297904587e-05,-0.0022660541912361298,0.06628472359333915,-0.8323787653812523,3.8059690781152944
ALA,ILE,0.00010094694498581706,-0.00613161524086698,0.1373030255063822,-1.341080222702542,4.811795624448838
GLN,ASP,3.1068835900151995e-05,-0.002335545245325033,0.0646058309157161,-0.7801760566404565,3.472059655236813
ASP,LEU,6.512488751803306e-05,-0.004130835574566695,0.09729881504801513,-1.0084149548638819,3.8797524786871755
LEU,PHE,-7.460039195353984e-05,0.0034054679230140473,-0.04505489247046185,0.05784683864370433,1.5367974452803852
ASP,HIS,-7.747805642383859e-06,-0.00021545702889378535,0.023498230205463908,-0.45395615669013956,2.6330649033141285
PRO,TRP,4.751927297817827e-05,-0.003675502741703751,0.10471843495730129,-1.3042488308872517,5.996287014513523
LYS,PHE,-2.8286215048139344e-05,0.0008639930512648125,0.004076484230228297,-0.3237382781122729,2.4442862688752616
ALA,GLY,6.560587692505238e-05,-0.004008219224824834,0.09008052139258296,-0.8800764917029266,3.1426249699117963
LEU,VAL,6.731471714962241e-05,-0.0043097565818069035,0.10268429820640823,-1.079124416541426,4.221080946011427
ASP,PHE,-2.1278218489801015e-05,0.0005941293954271739,0.00600137735259016,-0.29440120188324703,2.128633862721939
LYS,TRP,-8.12364413019771e-05,0.003569532800995101,-0.04104199679198783,-0.08771430929411486,2.594909955495418
ASP,PRO,9.30432684351909e-05,-0.005818885237648468,0.1343519665304403,-1.3549276722425068,5.026078382549771
ALA,LYS,0.0001083397997463453,-0.006495469327466765,0.14355096303960593,-1.38431798278499,4.909758005854946
LEU,CYS,3.723832352830985e-05,-0.002823866171557306,0.07785398401892718,-0.9280863552234567,4.044992930742082
PRO,GLY,4.863411123804989e-05,-0.0031990027356042974,0.07738880660122142,-0.8140741959532264,3.132909899281476
CYS,ASN,8.729162442346645e-05,-0.005552868859322687,0.13076396478984864,-1.349517267267784,5.144132807204
LEU,PRO,7.629556589643239e-05,-0.004905564978262387,0.1168176351263267,-1.2197634970833826,4.707006635936003
GLU,ALA,0.00012340746683895228,-0.007312328759686066,0.1591215657105264,-1.503085280164417,5.183644222871795
TRP,THR,-8.795634385618895e-06,-9.176499693410699e-05,0.02029784461649503,-0.4324233985333654,2.6672824735290024
GLU,MET,-4.953006475439096e-05,0.002077676636723016,-0.021379596616099113,-0.09124053125674313,1.6609787559175417
GLN,THR,4.130638889095089e-05,-0.0028867859793439503,0.07489776828289915,-0.8545525926513711,3.6158162212188576
LYS,ALA,0.0001083397997463453,-0.006495469327466765,0.14355096303960593,-1.38431798278499,4.909758005854946
THR,THR,7.498498456304275e-05,-0.004703321270012499,0.10899677620846548,-1.1043786711376484,4.121170125280125
CYS,ILE,2.9059570346999664e-05,-0.0024040977094005106,0.07023278241153155,-0.8712051760720214,3.9026649748751248
ARG,LYS,-1.1614713809666087e-05,0.00014408836804615736,0.013635047152712671,-0.3552877087478597,2.3566607003978546
HIS,PRO,5.455999406424733e-05,-0.0038456630209316237,0.09998267009603178,-1.1359992004291466,4.7575148440386865
CYS,TYR,-4.815712425750761e-05,0.0016584594846718707,-0.003939336441068969,-0.3458265369978513,2.8988980841217478
LEU,LEU,3.9219260420411295e-05,-0.0028290746613610592,0.07541266916283902,-0.8803540088351574,3.7967515038565653
MET,ARG,-6.904951416906558e-05,0.0032325750169214912,-0.04444414988280472,0.0763821294793951,1.4263548005837845
VAL,MET,1.4935391143457648e-05,-0.0015594303643695127,0.05254565305265679,-0.7235818618485869,3.5308611803084373
MET,CYS,2.6822324226727472e-05,-0.002409085391548127,0.07435756492381003,-0.9619348507375567,4.463936318915464
SER,SER,9.548525283474107e-05,-0.005787444687698472,0.12905346330013195,-1.2515193319265894,4.439403390906915
ASP,THR,9.676148542315065e-05,-0.005909161085472557,0.1331226779241654,-1.309106877053414,4.733305415281615
ASN,PRO,6.864294784955168e-05,-0.0045439408265331585,0.11113533477990387,-1.1885305391017564,4.682412908235355
CYS,ARG,-3.542867115129709e-05,0.0013242757299781797,-0.006510704284908111,-0.22253067830538747,2.117428032027779
HIS,ILE,-3.0669341958200743e-06,-0.00047860217956757176,0.028890129210968334,-0.5016544673129669,2.787278644520893
HIS,PHE,-0.00011333236913214817,0.0054772016157380345,-0.08396927861247316,0.35006672975426734,0.8726434814452062
TRP,GLN,-9.011433530672395e-05,0.004279612798441818,-0.06151523077598371,0.16567465776277515,1.4575401539986248
GLY,HIS,5.2807724236841286e-05,-0.0034367013867449845,0.08286616099113567,-0.8764955946577919,3.4280707389065084
GLN,GLU,3.8370132773480646e-05,-0.0027437790962735933,0.07278143069016592,-0.8484306473556312,3.665596663999937
TYR,PHE,-0.00017439951537285235,0.008879951776089036,-0.15002317350120506,0.8505891173257613,-0.16924766367267804
PRO,ARG,3.426421866846889e-05,-0.0024634588968211286,0.06748920714804446,-0.8312052169982451,3.8617262119686644
ILE,GLN,5.392198034696834e-05,-0.0035999796273850416,0.0898932452774011,-0.9948405424893899,4.11533168577211
HIS,MET,-4.454647383561371e-05,0.0016214024421969248,-0.006555932476204593,-0.2964931269111142,2.690618442982521
PRO,THR,8.791815648687041e-05,-0.00550104676382992,0.12702946812017993,-1.2805635807362437,4.744635930043852
ALA,TYR,1.5160791725576703e-05,-0.0014654336797448584,0.04764323413599173,-0.6438258578458931,3.1107187533633405
ILE,TRP,-9.852833970870863e-05,0.004833633703129203,-0.0746423140476018,0.2971613608515121,0.9948685959084149
PRO,SER,8.719236941024282e-05,-0.0054365734638369976,0.12498305649178332,-1.25276988390381,4.607571866795425
VAL,PHE,-2.7355374376975182e-05,0.0008581156346843395,0.0031313428843794413,-0.30508832015712745,2.3496647145834153
LEU,HIS,-4.951730233894916e-05,0.0020492100968025908,-0.02025423217398639,-0.10496498819122564,1.7090770880378203
ARG,SER,9.567559089527872e-06,-0.0010230313447885623,0.035992644544352616,-0.5218467090470229,2.6936665476932165
ASN,LEU,8.17331408476892e-05,-0.005115989374341438,0.11890175886303855,-1.2161422726707216,4.620076756633722
THR,PRO,8.791815648687041e-05,-0.00550104676382992,0.12702946812017993,-1.2805635807362437,4.744635930043852
ASN,VAL,8.563650106800107e-05,-0.005338524490446668,0.12326220410140372,-1.248504108163266,4.678254724794626
CYS,HIS,1.946544432019445e-05,-0.0018602877838523623,0.05940337179263756,-0.7851468161996485,3.697860294714176
LEU,ARG,-5.3645539556523143e-05,0.0023992907867767177,-0.029980236680938393,0.002784806863570914,1.309996977000699
LYS,GLY,6.0532612438958965e-05,-0.003825404361839939,0.0895506380584624,-0.9196467441514334,3.4937080273029846
GLN,ARG,-7.153775262790618e-05,0.003460080375491818,-0.0510329433170064,0.15161508760479903,1.1391840142174154
VAL,ILE,5.791593117912655e-05,-0.0037858901845971237,0.09196286565226579,-0.9833238615913644,3.9033589716356114
TYR,ILE,-7.724664567764927e-05,0.003656303511955382,-0.052835406445736234,0.15651101141490453,1.0950885577200673
PRO,MET,4.809174863944542e-05,-0.0035039578433129722,0.09367373109996513,-1.0899862763099613,4.66023241217028
ALA,SER,0.0001088054737701061,-0.0064597057797922295,0.1406954874793484,-1.3279841636440246,4.563639022782604
MET,TYR,-0.00019432282072460162,0.00978766728261182,-0.1641896540625599,0.9406319722572895,-0.39375688122254177
GLY,ASN,9.299505607165983e-05,-0.005632451816101374,0.1256340298732632,-1.220598520563807,4.347849756029144
VAL,ASP,0.00010576281397350217,-0.006379474505697487,0.14183060947115478,-1.375291152893731,4.899628225736195
VAL,TYR,-2.4474723658788915e-05,0.0007625340677561607,0.0034952772768445397,-0.2920212268970997,2.249981911501091
SER,ILE,8.856433758393685e-05,-0.005438554098612074,0.12337016438091758,-1.2237604507039312,4.473283566709145
SER,MET,9.047658172473906e-05,-0.0056374004230266336,0.1304452812083485,-1.3288529592277039,5.031117338578046
LEU,GLY,6.256936919261558e-05,-0.003926899226757901,0.09111107509708903,-0.9249476578430624,3.4616344473925977
HIS,CYS,1.946544432019445e-05,-0.0018602877838523623,0.05940337179263756,-0.7851468161996485,3.697860294714176
LEU,GLU,4.465947246869245e-05,-0.002986624226790494,0.07448332192130253,-0.8206857303710868,3.369384646988869
ALA,TRP,-2.6707421891955182e-05,0.000847889644378436,0.002428085783525398,-0.2854423224165339,2.215765378649598
PHE,ARG,-0.0001871202908418409,0.009666820857541444,-0.1689445652866468,1.0626979648399848,-1.1076630153260096
LYS,SER,9.39482017771185e-05,-0.005740868775021999,0.1298064299345567,-1.28681717413932,4.7196450047521274
VAL,GLN,3.490772746170171e-05,-0.0025273353238345515,0.06757088626913449,-0.7907424879956082,3.417214315394404
GLY,ASP,7.807096871341325e-05,-0.004753152182310301,0.10664122005010275,-1.042915463037716,3.742788524313044
PHE,TRP,-0.0003298303513271052,0.017519144299629464,-0.31961628202982484,2.1942662892521696,-3.4676006751705515
ALA,GLU,0.00012340746683895228,-0.007312328759686066,0.1591215657105264,-1.503085280164417,5.183644222871795
ASP,ILE,8.174573090797698e-05,-0.005052419816307853,0.1156159240548096,-1.1603542366624908,4.30821089138309
ASP,MET,2.7814321297904587e-05,-0.0022660541912361298,0.06628472359333915,-0.8323787653812523,3.8059690781152944
TYR,HIS,-0.00010430723571153363,0.004882855296881127,-0.06928945094405199,0.18828237451006918,1.5471194036076188
ASP,GLU,0.00011586583245235629,-0.006921179819827735,0.152198644343466,-1.457726469308838,5.121398320362426
TYR,MET,-0.00019432282072460162,0.00978766728261182,-0.1641896540625599,0.9406319722572895,-0.39375688122254177
PRO,GLU,7.390767238309466e-05,-0.004757780358506482,0.11369092376030841,-1.1945632724215787,4.654568701758786
GLY,LYS,6.0532612438958965e-05,-0.003825404361839939,0.0895506380584624,-0.9196467441514334,3.4937080273029846
LYS,TYR,-6.751230023483134e-05,0.0029922790397590333,-0.03596396395166529,-0.032723151430784234,1.8862670605340524
HIS,GLN,-1.7040122372434268e-05,0.00017618962863944694,0.01952238684237632,-0.4739456554636966,2.973875826404486
VAL,ALA,0.00010472167859529911,-0.006299105251372512,0.13932836578563254,-1.339550422527411,4.70816399942202
LYS,ASP,6.0730465085245296e-05,-0.004026823858707491,0.09976336093365212,-1.0945985413017154,4.487897814714002
GLY,THR,5.7343235438190383e-05,-0.003610028147470257,0.083859181933993,-0.8501892055385736,3.166933353346924
VAL,ARG,1.3005941537297871e-05,-0.0012165271404040875,0.039650850942872976,-0.5462665480521395,2.7161136897721265
ARG,ASN,-6.559156376892338e-06,-0.00026045604733630165,0.024761830453365778,-0.4818751447578031,2.8609182872002212
ASN,PHE,-3.3410817220041327e-06,-0.0005750180103638571,0.03403656128865526,-0.58676695110756,3.244066553482049
MET,TRP,-0.0002802141550694066,0.014696276016952716,-0.2623437346755969,1.7156733109993587,-2.1575416791585633
ASP,GLY,7.807096871341325e-05,-0.004753152182310301,0.10664122005010275,-1.042915463037716,3.742788524313044
CYS,MET,2.6822324226727472e-05,-0.002409085391548127,0.07435756492381003,-0.9619348507375567,4.463936318915464
MET,PHE,-0.00014874332591497142,0.007525665736074771,-0.12566684504527362,0.6895621175296234,0.04178018558429364
SER,HIS,6.432792792621435e-05,-0.004152457399055745,0.099969323298252,-1.0641868727230268,4.227921701711652
HIS,ASN,5.727711181343528e-05,-0.0039342787232590935,0.10092774327621211,-1.145348353536333,4.8475369088374
ASN,TRP,-0.00010371562831511946,0.005028110477284912,-0.0767779255139772,0.30430960547718255,0.9720150494027734
GLY,CYS,7.470169501799391e-05,-0.004670159403808493,0.10762204579224645,-1.080974723760368,3.9820885387117344
ASN,LYS,0.0001092749025458055,-0.00677663675978746,0.15595723653787363,-1.5791392280480558,5.940045182012355
PRO,TYR,2.6142139464357966e-06,-0.0010683506008683868,0.04803700287591952,-0.7517502219356903,3.9321287047575373
VAL,PRO,7.246970206153328e-05,-0.0047264904959561285,0.11369740385462163,-1.1932619673797715,4.6002881417179875
MET,GLU,-4.953006475439096e-05,0.002077676636723016,-0.021379596616099113,-0.09124053125674313,1.6609787559175417
PRO,ASN,6.864294784955168e-05,-0.0045439408265331585,0.11113533477990387,-1.1885305391017564,4.682412908235355
ILE,PRO,7.024765453121386e-05,-0.004620785935482091,0.11237190800632155,-1.195753893605253,4.691021379492805
ASN,CYS,8.729162442346645e-05,-0.005552868859322687,0.13076396478984864,-1.349517267267784,5.144132807204
GLN,PRO,8.080220430765176e-05,-0.005201755674123467,0.12443248299670744,-1.3104514465587151,5.125407406770164
LEU,TYR,-7.465224793417588e-05,0.003508117183830811,-0.04958229292099224,0.12314637163355699,1.2329915892074361
SER,ASP,9.922677020394873e-05,-0.006018727296020121,0.13448321768451316,-1.3092672064178235,4.675184444062286
ARG,TRP,-0.0003527017972933647,0.019275392344346345,-0.36595969701578934,2.6960839141819446,-5.337735194532296
MET,HIS,-4.454647383561371e-05,0.0016214024421969248,-0.006555932476204593,-0.2964931269111142,2.690618442982521
LEU,MET,-1.1754904104139847e-05,-6.819861832070738e-05,0.0233695581277481,-0.49757056266621785,3.0209115791602152
ALA,CYS,7.022752170091493e-05,-0.004525388100072416,0.10745455982604347,-1.1117178924092819,4.217352311037405
GLU,GLU,5.28136107133949e-05,-0.0034001654629957374,0.08140820586815753,-0.8589608254016671,3.369827290292959
HIS,SER,6.432792792621435e-05,-0.004152457399055745,0.099969323298252,-1.0641868727230268,4.227921701711652
TYR,THR,-9.119795772722106e-06,-0.00012605631837548032,0.021635820764735355,-0.44134760364546954,2.631272912995276
THR,LEU,7.495025703145656e-05,-0.004706469196879425,0.10966920722161007,-1.1236692933622745,4.271265698972547
TYR,LEU,-7.465224793417588e-05,0.003508117183830811,-0.04958229292099224,0.12314637163355699,1.2329915892074361
CYS,LYS,8.262095733831467e-05,-0.005290057897807689,0.12566792110997063,-1.3119668356603698,5.076749630957678
GLU,LEU,4.465947246869245e-05,-0.002986624226790494,0.07448332192130253,-0.8206857303710868,3.369384646988869
ALA,ARG,5.179896691434574e-05,-0.00334904443935389,0.0814848183868574,-0.8857604115859573,3.6333809704463347
LEU,ILE,4.9971326423215484e-05,-0.0033912596385126483,0.08574202508059219,-0.9566535775059027,3.9716867891187198
CYS,CYS,-2.305946777317547e-05,7.473489103891167e-05,0.029946640016222773,-0.6195099250232637,3.4541511146985173
PRO,GLN,8.080220430765176e-05,-0.005201755674123467,0.12443248299670744,-1.3104514465587151,5.125407406770164
GLY,ILE,6.179687980160293e-05,-0.003906233000770704,0.09120667610766708,-0.9307366472798857,3.4960983620017814
GLY,ARG,6.6954271807963094e-06,-0.0008356724791034207,0.031002313204636762,-0.45817989776249557,2.374514300744889
PRO,PRO,6.925393378230149e-05,-0.004639946943264569,0.11413859103645993,-1.2191688404992111,4.759014282542835
ASN,HIS,5.727711181343528e-05,-0.0039342787232590935,0.10092774327621211,-1.145348353536333,4.8475369088374
VAL,THR,8.843179721699158e-05,-0.005448048699987006,0.12393299265401397,-1.2319719830211608,4.508493686833501
TYR,SER,-1.1832766877433957e-05,5.223709881820721e-05,0.01712768487988871,-0.38928343678378685,2.400078179998256
TRP,ALA,-2.6707421891955182e-05,0.000847889644378436,0.002428085783525398,-0.2854423224165339,2.215765378649598
SER,THR,7.77286566159122e-05,-0.004798695823505858,0.10931284779065556,-1.087009511693964,3.973298256018881
ARG,ALA,5.179896691434574e-05,-0.00334904443935389,0.0814848183868574,-0.8857604115859573,3.6333809704463347
LEU,TRP,-0.00013818163742943717,0.0070716838463951645,-0.12059726799673269,0.701916502104649,-0.28684749807155696
GLU,TYR,-6.215516272021178e-05,0.002792901052899152,-0.03547740595855952,0.017155499014073497,1.431455951092629
ARG,ARG,-0.0001265453131669882,0.006533781551186866,-0.1120150287424551,0.6448948197293365,-0.1303016703617571
TRP,LEU,-0.00013818163742943717,0.0070716838463951645,-0.12059726799673269,0.701916502104649,-0.28684749807155696
PHE,ASN,-3.3410817220041327e-06,-0.0005750180103638571,0.03403656128865526,-0.58676695110756,3.244066553482049
PRO,ILE,7.024765453121386e-05,-0.004620785935482091,0.11237190800632155,-1.195753893605253,4.691021379492805
HIS,ALA,6.792332802297111e-05,-0.004352035392565979,0.10359539141720839,-1.0854770994264875,4.2234523423670565
LEU,ALA,8.694827694340909e-05,-0.00532757178265337,0.12059071829225534,-1.1937515026426664,4.355877425006887
GLY,PHE,4.774905208508751e-05,-0.003244261642812695,0.08161902547306255,-0.9004207258717916,3.6727687953268706
ILE,ALA,0.00010094694498581706,-0.00613161524086698,0.1373030255063822,-1.341080222702542,4.811795624448838
MET,PRO,4.809174863944542e-05,-0.0035039578433129722,0.09367373109996513,-1.0899862763099613,4.66023241217028
CYS,PRO,7.492361552469427e-05,-0.005000158613524355,0.12275924734267578,-1.3115271573067653,5.133404996164468
PHE,CYS,7.356529364177862e-06,-0.0014319107010298626,0.058023652473983736,-0.8689423269186418,4.429037998198946
TRP,TRP,-0.00028763038369025517,0.015233068621008585,-0.27331546018785285,1.7676661069844137,-1.8977487931625905
GLY,TRP,3.7203042479395994e-05,-0.002734110499176007,0.07430803725066996,-0.885422352382489,3.9032270683350885
SER,ARG,9.567559089527872e-06,-0.0010230313447885623,0.035992644544352616,-0.5218467090470229,2.6936665476932165
THR,GLY,5.7343235438190383e-05,-0.003610028147470257,0.083859181933993,-0.8501892055385736,3.166933353346924
PHE,LYS,-2.8286215048139344e-05,0.0008639930512648125,0.004076484230228297,-0.3237382781122729,2.4442862688752616
GLN,PHE,-9.676288954314159e-05,0.004555118584436846,-0.0662622291108462,0.22053227298125339,1.1065361601315167
ILE,LYS,6.422625215712755e-05,-0.004144092168133631,0.09952263181382015,-1.054306962813644,4.157427113382759
THR,ILE,7.935937229866226e-05,-0.004953712147545176,0.11452511103337183,-1.1614740860181187,4.357508489112661
GLU,GLN,3.8370132773480646e-05,-0.0027437790962735933,0.07278143069016592,-0.8484306473556312,3.665596663999937
PHE,GLN,-9.676288954314159e-05,0.004555118584436846,-0.0662622291108462,0.22053227298125339,1.1065361601315167
MET,MET,-1.885189981773813e-05,0.0002291914416882061,0.021091790250689777,-0.5376195181881283,3.4899067055174817
ASP,TRP,-7.738953071856293e-05,0.003633954254174488,-0.051620106700281984,0.13770135291130375,1.186112508487552
PHE,ALA,2.355313584445378e-05,-0.0019303279790581507,0.05668761971175834,-0.713910639932652,3.2719281747318
TRP,PRO,4.751927297817827e-05,-0.003675502741703751,0.10471843495730129,-1.3042488308872517,5.996287014513523
HIS,GLY,5.2807724236841286e-05,-0.0034367013867449845,0.08286616099113567,-0.8764955946577919,3.4280707389065084
CYS,THR,4.519437749107819e-05,-0.003198882512511989,0.08282320523829366,-0.9296484612949846,3.815092329214797
SER,PRO,8.719236941024282e-05,-0.0054365734638369976,0.12498305649178332,-1.25276988390381,4.607571866795425
GLU,ASP,0.00011586583245235629,-0.006921179819827735,0.152198644343466,-1.457726469308838,5.121398320362426
ARG,MET,-6.904951416906558e-05,0.0032325750169214912,-0.04444414988280472,0.0763821294793951,1.4263548005837845
SER,TYR,-1.1832766877433957e-05,5.223709881820721e-05,0.01712768487988871,-0.38928343678378685,2.400078179998256
VAL,LYS,5.225728203670958e-05,-0.003471404335389928,0.08565954951595785,-0.9300073902092543,3.746557786871051
LYS,HIS,3.878246185069575e-05,-0.002914677944995294,0.08045905223556503,-0.9684907875524019,4.294029786979819
TYR,TYR,-0.00017428284948958522,0.008947276379909944,-0.15311490524009597,0.8946740302962242,-0.36802434032783504
TYR,PRO,2.6142139464357966e-06,-0.0010683506008683868,0.04803700287591952,-0.7517502219356903,3.9321287047575373
GLY,VAL,6.640575939951632e-05,-0.004130086511185032,0.09476325354903065,-0.9488044731170944,3.4898987961229726
GLU,LYS,6.013413549790511e-05,-0.003978096511468437,0.09869824808799667,-1.0889425306692646,4.508600138641372
THR,LYS,7.48588764457421e-05,-0.0047194092082242034,0.11043622592252592,-1.136677603350659,4.342275587159028
PHE,TYR,-0.00017439951537285235,0.008879951776089036,-0.15002317350120506,0.8505891173257613,-0.16924766367267804
THR,GLN,4.130638889095089e-05,-0.0028867859793439503,0.07489776828289915,-0.8545525926513711,3.6158162212188576
VAL,CYS,7.273858065239492e-05,-0.004792411437958959,0.1166870821857566,-1.2425889897776594,4.875590186001811
ALA,THR,0.00010108763553743487,-0.006083080671488229,0.13458407249616694,-1.293944477261381,4.546289423944069
ASN,SER,8.212204179608741e-05,-0.005140639816085415,0.11897189754454306,-1.2049331475389682,4.499950729755552
THR,ASP,9.676148542315065e-05,-0.005909161085472557,0.1331226779241654,-1.309106877053414,4.733305415281615
PRO,ASP,9.30432684351909e-05,-0.005818885237648468,0.1343519665304403,-1.3549276722425068,5.026078382549771
ARG,GLU,-6.87426137206501e-05,0.0031716234462376537,-0.043009077706603525,0.07455499864248755,1.3213403100920509
GLU,PHE,-2.9364387436902085e-05,0.0009878060126632374,0.0002589137023850061,-0.2803356210429992,2.2888483996838143
VAL,VAL,9.480879912676479e-05,-0.005805171428912567,0.13141570550442758,-1.3025038434880765,4.765661842165164
SER,LEU,8.797902968446287e-05,-0.005387285553866554,0.12194654847829019,-1.2083978769304162,4.419916331100746
HIS,THR,7.085251696970582e-05,-0.004590451266848971,0.1109378960760017,-1.1856219325309896,4.7293564290987185
GLY,GLU,6.386495986512325e-05,-0.0039877899909596705,0.09212943308550098,-0.9324095261523915,3.484572488629395
MET,GLN,7.92217689312148e-08,-0.00072225589418143,0.03587243549982697,-0.5892551465188897,3.1926917903364505
GLY,PRO,4.863411123804989e-05,-0.0031990027356042974,0.07738880660122142,-0.8140741959532264,3.132909899281476
SER,PHE,3.7722706050274794e-05,-0.002673631225776189,0.07070827131405559,-0.8262190703151991,3.5952094585924654
ARG,THR,1.8775902204558846e-05,-0.0015996633186267073,0.04922368820964682,-0.6531128895804834,3.16615583823647
THR,MET,3.685669455321722e-05,-0.00270906214362828,0.07365517657376226,-0.8779197599454188,3.8699475857794443
TRP,ASP,-7.738953071856293e-05,0.003633954254174488,-0.051620106700281984,0.13770135291130375,1.186112508487552
GLY,GLY,4.951644585536427e-05,-0.0030824710213199526,0.07059575259060961,-0.7028538605938272,2.557137226044843
ASN,ASP,7.8591686796318e-05,-0.0049828165357390375,0.11722037452739756,-1.2121477257701836,4.647358927872211
THR,HIS,7.085251696970582e-05,-0.004590451266848971,0.1109378960760017,-1.1856219325309896,4.7293564290987185
ALA,ASP,0.00012463160093834153,-0.007386174282941532,0.16056328951356733,-1.5122627416830032,5.184313489523247
THR,ALA,0.00010108763553743487,-0.006083080671488229,0.13458407249616694,-1.293944477261381,4.546289423944069
PHE,ILE,-6.330157664956227e-05,0.0027936931080586773,-0.03333269818446047,-0.03340698745000623,1.7619922938105053
MET,ALA,4.8293760396146277e-05,-0.0032998790458797045,0.0838323943809434,-0.9378503023188609,3.8956930081823185
TRP,HIS,-0.0002294547770951543,0.011783182153669218,-0.20422165610988238,1.2631188453350635,-1.1785660174027235
GLY,ALA,6.560587692505238e-05,-0.004008219224824834,0.09008052139258296,-0.8800764917029266,3.1426249699117963
TYR,ASP,-3.1041928361164794e-05,0.0011701268189578996,-0.006155291956680989,-0.18797939192188873,1.817345640458073
